,precision_yes,precision_no,precision_global,f1_yes,f1_no,f1_global
LSTM,0.8350717079530638,0.8350717079530638,0.7550993057531816,0.8705402650356779,0.5826944140197151,0.7266173395276965
